<?xml version="1.0" encoding="UTF-8"?>
<metadata xml:lang="en"><Esri><CreaDate>20230322</CreaDate><CreaTime>16213500</CreaTime><ArcGISFormat>1.0</ArcGISFormat><SyncOnce>TRUE</SyncOnce><DataProperties><itemProps><itemLocation><linkage Sync="TRUE">file://\\AGC-LEGION\C$\Users\amyca\OneDrive\Documents\GTECH732_AdvGIS\Final Project\FINALProject_GIS_DATA\COB_Flood_Data\Coastal_Flood_Resilience_Overlay_District\Coastal_Flood_Resilience_Overlay_District</linkage><protocol Sync="TRUE">Local Area Network</protocol></itemLocation></itemProps><copyHistory><copy source="C:\Users\amyca\OneDrive\Documents\GTECH732_AdvGIS\Final Project\FINALProject_GIS_DATA\COB_Flood_Data\Coastal_Flood_Resilience_Overlay_District" dest="\\AGC-LEGION\C$\Users\amyca\OneDrive\Documents\GTECH732_AdvGIS\Final Project\FINALProject_GIS_DATA\COB_Flood_Data\Coastal_Flood_Resilience_Overlay_District\Coastal_Flood_Resilience_Overlay_District" date="20230322" time="16213500"></copy></copyHistory><lineage><Process ToolSource="c:\users\amyca\appdata\local\programs\arcgis\pro\Resources\ArcToolbox\Toolboxes\Data Management Tools.tbx\Copy" Date="20230322" Time="162135">Copy "C:\Users\amyca\OneDrive\Documents\GTECH732_AdvGIS\Final Project\FINALProject_GIS_DATA\COB_Flood_Data\Coastal_Flood_Resilience_Overlay_District.shp" "C:\Users\amyca\OneDrive\Documents\GTECH732_AdvGIS\Final Project\FINALProject_GIS_DATA\COB_Flood_Data\Coastal_Flood_Resilience_Overlay_District\Coastal_Flood_Resilience_Overlay_District.shp" Shapefile #</Process></lineage></DataProperties></Esri></metadata>
