<?xml version="1.0" encoding="UTF-8"?>
<metadata xml:lang="en"><Esri><CreaDate>20230322</CreaDate><CreaTime>16214200</CreaTime><ArcGISFormat>1.0</ArcGISFormat><SyncOnce>TRUE</SyncOnce><DataProperties><itemProps><itemLocation><linkage Sync="TRUE">file://\\AGC-LEGION\C$\Users\amyca\OneDrive\Documents\GTECH732_AdvGIS\Final Project\FINALProject_GIS_DATA\COB_Flood_Data\COB_10PCT_Annual_Flood\_36inch_Sea_Level_Rise_10pct_Annual_Flood</linkage><protocol Sync="TRUE">Local Area Network</protocol></itemLocation></itemProps><copyHistory><copy source="C:\Users\amyca\OneDrive\Documents\GTECH732_AdvGIS\Final Project\FINALProject_GIS_DATA\COB_Flood_Data\COB_10PCT_Annual_Flood\Climate_Ready_Boston_Sea_Level_Rise_Inundation-shp 36in\_36inch_Sea_Level_Rise_10pct_Annual_Flood" dest="\\AGC-LEGION\C$\Users\amyca\OneDrive\Documents\GTECH732_AdvGIS\Final Project\FINALProject_GIS_DATA\COB_Flood_Data\COB_10PCT_Annual_Flood\_36inch_Sea_Level_Rise_10pct_Annual_Flood" date="20230322" time="16214200"></copy></copyHistory><lineage><Process ToolSource="c:\users\amyca\appdata\local\programs\arcgis\pro\Resources\ArcToolbox\Toolboxes\Data Management Tools.tbx\Copy" Date="20230322" Time="162142">Copy "C:\Users\amyca\OneDrive\Documents\GTECH732_AdvGIS\Final Project\FINALProject_GIS_DATA\COB_Flood_Data\COB_10PCT_Annual_Flood\Climate_Ready_Boston_Sea_Level_Rise_Inundation-shp 36in\_36inch_Sea_Level_Rise_10pct_Annual_Flood.shp" "C:\Users\amyca\OneDrive\Documents\GTECH732_AdvGIS\Final Project\FINALProject_GIS_DATA\COB_Flood_Data\COB_10PCT_Annual_Flood\_36inch_Sea_Level_Rise_10pct_Annual_Flood.shp" Shapefile #</Process></lineage></DataProperties></Esri></metadata>
