<metadata xml:lang="en"><Esri><CreaDate>20220919</CreaDate><CreaTime>15122200</CreaTime><ArcGISFormat>1.0</ArcGISFormat><SyncOnce>FALSE</SyncOnce><DataProperties><itemProps><itemName Sync="TRUE">Bluff_BU_ResourcePoints_within_21in_10pct</itemName><imsContentType Sync="TRUE">002</imsContentType><itemLocation><linkage Sync="TRUE">file://\\AGC-LEGION\C$\Users\amyca\OneDrive\Documents\GTECH732_AdvGIS\Final Project\FINALProject_GIS_DATA\All_Resources\ALLResources_SLR_Output\Bluff_BU_ResourcePoints_within_21in_10pct.shp</linkage><protocol Sync="TRUE">Local Area Network</protocol></itemLocation><itemSize Sync="TRUE">0.000</itemSize></itemProps><coordRef><type Sync="TRUE">Projected</type><geogcsn Sync="TRUE">GCS_North_American_1983</geogcsn><csUnits Sync="TRUE">Linear Unit: Meter (1.000000)</csUnits><projcsn Sync="TRUE">NAD_1983_UTM_Zone_19N</projcsn><peXml Sync="TRUE">&lt;ProjectedCoordinateSystem xsi:type='typens:ProjectedCoordinateSystem' xmlns:xsi='http://www.w3.org/2001/XMLSchema-instance' xmlns:xs='http://www.w3.org/2001/XMLSchema' xmlns:typens='http://www.esri.com/schemas/ArcGIS/3.0.0'&gt;&lt;WKT&gt;PROJCS[&amp;quot;NAD_1983_UTM_Zone_19N&amp;quot;,GEOGCS[&amp;quot;GCS_North_American_1983&amp;quot;,DATUM[&amp;quot;D_North_American_1983&amp;quot;,SPHEROID[&amp;quot;GRS_1980&amp;quot;,6378137.0,298.257222101]],PRIMEM[&amp;quot;Greenwich&amp;quot;,0.0],UNIT[&amp;quot;Degree&amp;quot;,0.0174532925199433]],PROJECTION[&amp;quot;Transverse_Mercator&amp;quot;],PARAMETER[&amp;quot;False_Easting&amp;quot;,500000.0],PARAMETER[&amp;quot;False_Northing&amp;quot;,0.0],PARAMETER[&amp;quot;Central_Meridian&amp;quot;,-69.0],PARAMETER[&amp;quot;Scale_Factor&amp;quot;,0.9996],PARAMETER[&amp;quot;Latitude_Of_Origin&amp;quot;,0.0],UNIT[&amp;quot;Meter&amp;quot;,1.0],AUTHORITY[&amp;quot;EPSG&amp;quot;,26919]]&lt;/WKT&gt;&lt;XOrigin&gt;-5120900&lt;/XOrigin&gt;&lt;YOrigin&gt;-9998100&lt;/YOrigin&gt;&lt;XYScale&gt;450445547.3910538&lt;/XYScale&gt;&lt;ZOrigin&gt;-100000&lt;/ZOrigin&gt;&lt;ZScale&gt;10000&lt;/ZScale&gt;&lt;MOrigin&gt;-100000&lt;/MOrigin&gt;&lt;MScale&gt;10000&lt;/MScale&gt;&lt;XYTolerance&gt;0.001&lt;/XYTolerance&gt;&lt;ZTolerance&gt;0.001&lt;/ZTolerance&gt;&lt;MTolerance&gt;0.001&lt;/MTolerance&gt;&lt;HighPrecision&gt;true&lt;/HighPrecision&gt;&lt;WKID&gt;26919&lt;/WKID&gt;&lt;LatestWKID&gt;26919&lt;/LatestWKID&gt;&lt;/ProjectedCoordinateSystem&gt;</peXml></coordRef><lineage><Process ToolSource="c:\users\amyca\appdata\local\programs\arcgis\pro\Resources\ArcToolbox\toolboxes\Conversion Tools.tbx\FeatureClassToFeatureClass" Date="20220919" Time="151245">FeatureClassToFeatureClass "Y:\BOHA\Data\SLR MODELING PROJECT\GIS\BU Resources 2022\Shapefiles - BOHA Story Map\XYCompiledData_2022_july_9islands.shp" "Y:\BOHA\Data\SLR MODELING PROJECT\For Amy 2022\Focal_Resources.gdb" XYCompiledData_9Islands # "ID "ID" true true false 254 Text 0 0,First,#,Y:\BOHA\Data\SLR MODELING PROJECT\GIS\BU Resources 2022\Shapefiles - BOHA Story Map\XYCompiledData_2022_july_9islands.shp,ID,0,254;Island "Island" true true false 254 Text 0 0,First,#,Y:\BOHA\Data\SLR MODELING PROJECT\GIS\BU Resources 2022\Shapefiles - BOHA Story Map\XYCompiledData_2022_july_9islands.shp,Island,0,254;Date "Date" true true false 254 Text 0 0,First,#,Y:\BOHA\Data\SLR MODELING PROJECT\GIS\BU Resources 2022\Shapefiles - BOHA Story Map\XYCompiledData_2022_july_9islands.shp,Date,0,254;Longitude "Longitude" true true false 19 Double 0 0,First,#,Y:\BOHA\Data\SLR MODELING PROJECT\GIS\BU Resources 2022\Shapefiles - BOHA Story Map\XYCompiledData_2022_july_9islands.shp,Longitude,-1,-1;Latitude "Latitude" true true false 19 Double 0 0,First,#,Y:\BOHA\Data\SLR MODELING PROJECT\GIS\BU Resources 2022\Shapefiles - BOHA Story Map\XYCompiledData_2022_july_9islands.shp,Latitude,-1,-1;E "E" true true false 19 Double 0 0,First,#,Y:\BOHA\Data\SLR MODELING PROJECT\GIS\BU Resources 2022\Shapefiles - BOHA Story Map\XYCompiledData_2022_july_9islands.shp,E,-1,-1;N "N" true true false 19 Double 0 0,First,#,Y:\BOHA\Data\SLR MODELING PROJECT\GIS\BU Resources 2022\Shapefiles - BOHA Story Map\XYCompiledData_2022_july_9islands.shp,N,-1,-1;NAVD88 "NAVD88" true true false 19 Double 0 0,First,#,Y:\BOHA\Data\SLR MODELING PROJECT\GIS\BU Resources 2022\Shapefiles - BOHA Story Map\XYCompiledData_2022_july_9islands.shp,NAVD88,-1,-1;Category "Category" true true false 254 Text 0 0,First,#,Y:\BOHA\Data\SLR MODELING PROJECT\GIS\BU Resources 2022\Shapefiles - BOHA Story Map\XYCompiledData_2022_july_9islands.shp,Category,0,254;Descriptio "Descriptio" true true false 254 Text 0 0,First,#,Y:\BOHA\Data\SLR MODELING PROJECT\GIS\BU Resources 2022\Shapefiles - BOHA Story Map\XYCompiledData_2022_july_9islands.shp,Descriptio,0,254;Stability "Stability" true true false 254 Text 0 0,First,#,Y:\BOHA\Data\SLR MODELING PROJECT\GIS\BU Resources 2022\Shapefiles - BOHA Story Map\XYCompiledData_2022_july_9islands.shp,Stability,0,254;Seawall "Seawall" true true false 254 Text 0 0,First,#,Y:\BOHA\Data\SLR MODELING PROJECT\GIS\BU Resources 2022\Shapefiles - BOHA Story Map\XYCompiledData_2022_july_9islands.shp,Seawall,0,254;Data_Origi "Data_Origi" true true false 254 Text 0 0,First,#,Y:\BOHA\Data\SLR MODELING PROJECT\GIS\BU Resources 2022\Shapefiles - BOHA Story Map\XYCompiledData_2022_july_9islands.shp,Data_Origi,0,254;Map "Map" true true false 254 Text 0 0,First,#,Y:\BOHA\Data\SLR MODELING PROJECT\GIS\BU Resources 2022\Shapefiles - BOHA Story Map\XYCompiledData_2022_july_9islands.shp,Map,0,254;Field15 "Field15" true true false 254 Text 0 0,First,#,Y:\BOHA\Data\SLR MODELING PROJECT\GIS\BU Resources 2022\Shapefiles - BOHA Story Map\XYCompiledData_2022_july_9islands.shp,Field15,0,254;Field16 "Field16" true true false 254 Text 0 0,First,#,Y:\BOHA\Data\SLR MODELING PROJECT\GIS\BU Resources 2022\Shapefiles - BOHA Story Map\XYCompiledData_2022_july_9islands.shp,Field16,0,254" #</Process><Process ToolSource="c:\users\amyca\appdata\local\programs\arcgis\pro\Resources\ArcToolbox\Toolboxes\Data Management Tools.tbx\DeleteField" Date="20230322" Time="124244">DeleteField XYCompiledData_9Islands Map;Field15;Field16 "Delete Fields"</Process><Process ToolSource="c:\users\amyca\appdata\local\programs\arcgis\pro\Resources\ArcToolbox\toolboxes\Conversion Tools.tbx\ExportFeatures" Date="20230322" Time="191722">ExportFeatures "C:\Users\amyca\OneDrive\Documents\BU_NPS_9IslandStudy\ArcGIS Pro\BOHA Geodatabases\Focal_Resources.gdb\XYCompiledData_9Islands" "C:\Users\amyca\OneDrive\Documents\GTECH732_AdvGIS\Final Project\FINALProject_GIS_DATA\All_Resources\AllResources_XYCompiledData_9Islands.shp" # NOT_USE_ALIAS "ID "ID" true true false 254 Text 0 0,First,#,C:\Users\amyca\OneDrive\Documents\BU_NPS_9IslandStudy\ArcGIS Pro\BOHA Geodatabases\Focal_Resources.gdb\XYCompiledData_9Islands,ID,0,254;Island "Island" true true false 254 Text 0 0,First,#,C:\Users\amyca\OneDrive\Documents\BU_NPS_9IslandStudy\ArcGIS Pro\BOHA Geodatabases\Focal_Resources.gdb\XYCompiledData_9Islands,Island,0,254;Date "Date" true true false 254 Text 0 0,First,#,C:\Users\amyca\OneDrive\Documents\BU_NPS_9IslandStudy\ArcGIS Pro\BOHA Geodatabases\Focal_Resources.gdb\XYCompiledData_9Islands,Date,0,254;Longitude "Longitude" true true false 8 Double 0 0,First,#,C:\Users\amyca\OneDrive\Documents\BU_NPS_9IslandStudy\ArcGIS Pro\BOHA Geodatabases\Focal_Resources.gdb\XYCompiledData_9Islands,Longitude,-1,-1;Latitude "Latitude" true true false 8 Double 0 0,First,#,C:\Users\amyca\OneDrive\Documents\BU_NPS_9IslandStudy\ArcGIS Pro\BOHA Geodatabases\Focal_Resources.gdb\XYCompiledData_9Islands,Latitude,-1,-1;E "E" true true false 8 Double 0 0,First,#,C:\Users\amyca\OneDrive\Documents\BU_NPS_9IslandStudy\ArcGIS Pro\BOHA Geodatabases\Focal_Resources.gdb\XYCompiledData_9Islands,E,-1,-1;N "N" true true false 8 Double 0 0,First,#,C:\Users\amyca\OneDrive\Documents\BU_NPS_9IslandStudy\ArcGIS Pro\BOHA Geodatabases\Focal_Resources.gdb\XYCompiledData_9Islands,N,-1,-1;NAVD88 "NAVD88" true true false 8 Double 0 0,First,#,C:\Users\amyca\OneDrive\Documents\BU_NPS_9IslandStudy\ArcGIS Pro\BOHA Geodatabases\Focal_Resources.gdb\XYCompiledData_9Islands,NAVD88,-1,-1;Category "Category" true true false 254 Text 0 0,First,#,C:\Users\amyca\OneDrive\Documents\BU_NPS_9IslandStudy\ArcGIS Pro\BOHA Geodatabases\Focal_Resources.gdb\XYCompiledData_9Islands,Category,0,254;Descriptio "Descriptio" true true false 254 Text 0 0,First,#,C:\Users\amyca\OneDrive\Documents\BU_NPS_9IslandStudy\ArcGIS Pro\BOHA Geodatabases\Focal_Resources.gdb\XYCompiledData_9Islands,Descriptio,0,254;Stability "Stability" true true false 254 Text 0 0,First,#,C:\Users\amyca\OneDrive\Documents\BU_NPS_9IslandStudy\ArcGIS Pro\BOHA Geodatabases\Focal_Resources.gdb\XYCompiledData_9Islands,Stability,0,254;Seawall "Seawall" true true false 254 Text 0 0,First,#,C:\Users\amyca\OneDrive\Documents\BU_NPS_9IslandStudy\ArcGIS Pro\BOHA Geodatabases\Focal_Resources.gdb\XYCompiledData_9Islands,Seawall,0,254;Data_Origi "Data_Origi" true true false 254 Text 0 0,First,#,C:\Users\amyca\OneDrive\Documents\BU_NPS_9IslandStudy\ArcGIS Pro\BOHA Geodatabases\Focal_Resources.gdb\XYCompiledData_9Islands,Data_Origi,0,254" #</Process><Process ToolSource="c:\users\amyca\appdata\local\programs\arcgis\pro\Resources\ArcToolbox\toolboxes\Conversion Tools.tbx\FeatureClassToFeatureClass" Date="20230322" Time="204023">FeatureClassToFeatureClass all_resources_layer "C:\Users\amyca\OneDrive\Documents\GTECH732_AdvGIS\Final Project\FINALProject_GIS_DATA\All_Resources\ALLResources_SLR_Output" Bluff_BU_ResourcePoints_within_21in_10pct # "ID "ID" true true false 254 Text 0 0,First,#,all_resources_layer,ID,0,254;Island "Island" true true false 254 Text 0 0,First,#,all_resources_layer,Island,0,254;Date "Date" true true false 254 Text 0 0,First,#,all_resources_layer,Date,0,254;Longitude "Longitude" true true false 19 Double 0 0,First,#,all_resources_layer,Longitude,-1,-1;Latitude "Latitude" true true false 19 Double 0 0,First,#,all_resources_layer,Latitude,-1,-1;E "E" true true false 19 Double 0 0,First,#,all_resources_layer,E,-1,-1;N "N" true true false 19 Double 0 0,First,#,all_resources_layer,N,-1,-1;NAVD88 "NAVD88" true true false 19 Double 0 0,First,#,all_resources_layer,NAVD88,-1,-1;Category "Category" true true false 254 Text 0 0,First,#,all_resources_layer,Category,0,254;Descriptio "Descriptio" true true false 254 Text 0 0,First,#,all_resources_layer,Descriptio,0,254;Stability "Stability" true true false 254 Text 0 0,First,#,all_resources_layer,Stability,0,254;Seawall "Seawall" true true false 254 Text 0 0,First,#,all_resources_layer,Seawall,0,254;Data_Origi "Data_Origi" true true false 254 Text 0 0,First,#,all_resources_layer,Data_Origi,0,254" #</Process></lineage></DataProperties><SyncDate>20230322</SyncDate><SyncTime>20402300</SyncTime><ModDate>20230322</ModDate><ModTime>20402300</ModTime></Esri><dataIdInfo><envirDesc Sync="TRUE">Microsoft Windows 10 Version 10.0 (Build 22621) ; Esri ArcGIS 13.0.2.36056</envirDesc><dataLang><languageCode value="eng" Sync="TRUE"></languageCode><countryCode value="USA" Sync="TRUE"></countryCode></dataLang><idCitation><resTitle Sync="TRUE">Bluff_BU_ResourcePoints_within_21in_10pct</resTitle><presForm><PresFormCd value="005" Sync="TRUE"></PresFormCd></presForm></idCitation><spatRpType><SpatRepTypCd value="001" Sync="TRUE"></SpatRepTypCd></spatRpType></dataIdInfo><mdLang><languageCode value="eng" Sync="TRUE"></languageCode><countryCode value="USA" Sync="TRUE"></countryCode></mdLang><distInfo><distFormat><formatName Sync="TRUE">Shapefile</formatName></distFormat><distTranOps><transSize Sync="TRUE">0.000</transSize></distTranOps></distInfo><mdHrLv><ScopeCd value="005" Sync="TRUE"></ScopeCd></mdHrLv><mdHrLvName Sync="TRUE">dataset</mdHrLvName><refSysInfo><RefSystem><refSysID><identCode code="26919" Sync="TRUE"></identCode><idCodeSpace Sync="TRUE">EPSG</idCodeSpace><idVersion Sync="TRUE">6.11(3.0.1)</idVersion></refSysID></RefSystem></refSysInfo><spatRepInfo><VectSpatRep><geometObjs Name="Bluff_BU_ResourcePoints_within_21in_10pct"><geoObjTyp><GeoObjTypCd value="004" Sync="TRUE"></GeoObjTypCd></geoObjTyp><geoObjCnt Sync="TRUE">0</geoObjCnt></geometObjs><topLvl><TopoLevCd value="001" Sync="TRUE"></TopoLevCd></topLvl></VectSpatRep></spatRepInfo><spdoinfo><ptvctinf><esriterm Name="Bluff_BU_ResourcePoints_within_21in_10pct"><efeatyp Sync="TRUE">Simple</efeatyp><efeageom code="1" Sync="TRUE"></efeageom><esritopo Sync="TRUE">FALSE</esritopo><efeacnt Sync="TRUE">0</efeacnt><spindex Sync="TRUE">FALSE</spindex><linrefer Sync="TRUE">FALSE</linrefer></esriterm></ptvctinf></spdoinfo><eainfo><detailed Name="Bluff_BU_ResourcePoints_within_21in_10pct"><enttyp><enttypl Sync="TRUE">Bluff_BU_ResourcePoints_within_21in_10pct</enttypl><enttypt Sync="TRUE">Feature Class</enttypt><enttypc Sync="TRUE">0</enttypc></enttyp><attr><attrlabl Sync="TRUE">FID</attrlabl><attalias Sync="TRUE">FID</attalias><attrtype Sync="TRUE">OID</attrtype><attwidth Sync="TRUE">4</attwidth><atprecis Sync="TRUE">0</atprecis><attscale Sync="TRUE">0</attscale><attrdef Sync="TRUE">Internal feature number.</attrdef><attrdefs Sync="TRUE">Esri</attrdefs><attrdomv><udom Sync="TRUE">Sequential unique whole numbers that are automatically generated.</udom></attrdomv></attr><attr><attrlabl Sync="TRUE">Shape</attrlabl><attalias Sync="TRUE">Shape</attalias><attrtype Sync="TRUE">Geometry</attrtype><attwidth Sync="TRUE">0</attwidth><atprecis Sync="TRUE">0</atprecis><attscale Sync="TRUE">0</attscale><attrdef Sync="TRUE">Feature geometry.</attrdef><attrdefs Sync="TRUE">Esri</attrdefs><attrdomv><udom Sync="TRUE">Coordinates defining the features.</udom></attrdomv></attr><attr><attrlabl Sync="TRUE">ID</attrlabl><attalias Sync="TRUE">ID</attalias><attrtype Sync="TRUE">String</attrtype><attwidth Sync="TRUE">254</attwidth><atprecis Sync="TRUE">0</atprecis><attscale Sync="TRUE">0</attscale></attr><attr><attrlabl Sync="TRUE">Island</attrlabl><attalias Sync="TRUE">Island</attalias><attrtype Sync="TRUE">String</attrtype><attwidth Sync="TRUE">254</attwidth><atprecis Sync="TRUE">0</atprecis><attscale Sync="TRUE">0</attscale></attr><attr><attrlabl Sync="TRUE">Date</attrlabl><attalias Sync="TRUE">Date</attalias><attrtype Sync="TRUE">String</attrtype><attwidth Sync="TRUE">254</attwidth><atprecis Sync="TRUE">0</atprecis><attscale Sync="TRUE">0</attscale></attr><attr><attrlabl Sync="TRUE">Longitude</attrlabl><attalias Sync="TRUE">Longitude</attalias><attrtype Sync="TRUE">Double</attrtype><attwidth Sync="TRUE">19</attwidth><atprecis Sync="TRUE">0</atprecis><attscale Sync="TRUE">0</attscale></attr><attr><attrlabl Sync="TRUE">Latitude</attrlabl><attalias Sync="TRUE">Latitude</attalias><attrtype Sync="TRUE">Double</attrtype><attwidth Sync="TRUE">19</attwidth><atprecis Sync="TRUE">0</atprecis><attscale Sync="TRUE">0</attscale></attr><attr><attrlabl Sync="TRUE">E</attrlabl><attalias Sync="TRUE">E</attalias><attrtype Sync="TRUE">Double</attrtype><attwidth Sync="TRUE">19</attwidth><atprecis Sync="TRUE">0</atprecis><attscale Sync="TRUE">0</attscale></attr><attr><attrlabl Sync="TRUE">N</attrlabl><attalias Sync="TRUE">N</attalias><attrtype Sync="TRUE">Double</attrtype><attwidth Sync="TRUE">19</attwidth><atprecis Sync="TRUE">0</atprecis><attscale Sync="TRUE">0</attscale></attr><attr><attrlabl Sync="TRUE">NAVD88</attrlabl><attalias Sync="TRUE">NAVD88</attalias><attrtype Sync="TRUE">Double</attrtype><attwidth Sync="TRUE">19</attwidth><atprecis Sync="TRUE">0</atprecis><attscale Sync="TRUE">0</attscale></attr><attr><attrlabl Sync="TRUE">Category</attrlabl><attalias Sync="TRUE">Category</attalias><attrtype Sync="TRUE">String</attrtype><attwidth Sync="TRUE">254</attwidth><atprecis Sync="TRUE">0</atprecis><attscale Sync="TRUE">0</attscale></attr><attr><attrlabl Sync="TRUE">Descriptio</attrlabl><attalias Sync="TRUE">Descriptio</attalias><attrtype Sync="TRUE">String</attrtype><attwidth Sync="TRUE">254</attwidth><atprecis Sync="TRUE">0</atprecis><attscale Sync="TRUE">0</attscale></attr><attr><attrlabl Sync="TRUE">Stability</attrlabl><attalias Sync="TRUE">Stability</attalias><attrtype Sync="TRUE">String</attrtype><attwidth Sync="TRUE">254</attwidth><atprecis Sync="TRUE">0</atprecis><attscale Sync="TRUE">0</attscale></attr><attr><attrlabl Sync="TRUE">Seawall</attrlabl><attalias Sync="TRUE">Seawall</attalias><attrtype Sync="TRUE">String</attrtype><attwidth Sync="TRUE">254</attwidth><atprecis Sync="TRUE">0</atprecis><attscale Sync="TRUE">0</attscale></attr><attr><attrlabl Sync="TRUE">Data_Origi</attrlabl><attalias Sync="TRUE">Data_Origi</attalias><attrtype Sync="TRUE">String</attrtype><attwidth Sync="TRUE">254</attwidth><atprecis Sync="TRUE">0</atprecis><attscale Sync="TRUE">0</attscale></attr></detailed></eainfo><mdDateSt Sync="TRUE">20230322</mdDateSt></metadata>
