<metadata xml:lang="en"><Esri><CreaDate>20220719</CreaDate><CreaTime>10122900</CreaTime><ArcGISFormat>1.0</ArcGISFormat><SyncOnce>FALSE</SyncOnce><DataProperties><itemProps><itemName Sync="TRUE">outname</itemName><imsContentType Sync="TRUE">002</imsContentType><itemLocation><linkage Sync="TRUE">file://\\AGC-LEGION\C$\Users\amyca\OneDrive\Documents\GTECH732_AdvGIS\Final Project\FINALProject_GIS_DATA\FocalResources_SLR_WITHIN\outname.shp</linkage><protocol Sync="TRUE">Local Area Network</protocol></itemLocation><itemSize Sync="TRUE">0.000</itemSize></itemProps><coordRef><type Sync="TRUE">Projected</type><geogcsn Sync="TRUE">GCS_North_American_1983</geogcsn><csUnits Sync="TRUE">Linear Unit: Meter (1.000000)</csUnits><projcsn Sync="TRUE">NAD_1983_UTM_Zone_19N</projcsn><peXml Sync="TRUE">&lt;ProjectedCoordinateSystem xsi:type='typens:ProjectedCoordinateSystem' xmlns:xsi='http://www.w3.org/2001/XMLSchema-instance' xmlns:xs='http://www.w3.org/2001/XMLSchema' xmlns:typens='http://www.esri.com/schemas/ArcGIS/3.0.0'&gt;&lt;WKT&gt;PROJCS[&amp;quot;NAD_1983_UTM_Zone_19N&amp;quot;,GEOGCS[&amp;quot;GCS_North_American_1983&amp;quot;,DATUM[&amp;quot;D_North_American_1983&amp;quot;,SPHEROID[&amp;quot;GRS_1980&amp;quot;,6378137.0,298.257222101]],PRIMEM[&amp;quot;Greenwich&amp;quot;,0.0],UNIT[&amp;quot;Degree&amp;quot;,0.0174532925199433]],PROJECTION[&amp;quot;Transverse_Mercator&amp;quot;],PARAMETER[&amp;quot;False_Easting&amp;quot;,500000.0],PARAMETER[&amp;quot;False_Northing&amp;quot;,0.0],PARAMETER[&amp;quot;Central_Meridian&amp;quot;,-69.0],PARAMETER[&amp;quot;Scale_Factor&amp;quot;,0.9996],PARAMETER[&amp;quot;Latitude_Of_Origin&amp;quot;,0.0],UNIT[&amp;quot;Meter&amp;quot;,1.0],AUTHORITY[&amp;quot;EPSG&amp;quot;,26919]]&lt;/WKT&gt;&lt;XOrigin&gt;-5120900&lt;/XOrigin&gt;&lt;YOrigin&gt;-9998100&lt;/YOrigin&gt;&lt;XYScale&gt;450445547.3910538&lt;/XYScale&gt;&lt;ZOrigin&gt;-100000&lt;/ZOrigin&gt;&lt;ZScale&gt;10000&lt;/ZScale&gt;&lt;MOrigin&gt;-100000&lt;/MOrigin&gt;&lt;MScale&gt;10000&lt;/MScale&gt;&lt;XYTolerance&gt;0.001&lt;/XYTolerance&gt;&lt;ZTolerance&gt;0.001&lt;/ZTolerance&gt;&lt;MTolerance&gt;0.001&lt;/MTolerance&gt;&lt;HighPrecision&gt;true&lt;/HighPrecision&gt;&lt;WKID&gt;26919&lt;/WKID&gt;&lt;LatestWKID&gt;26919&lt;/LatestWKID&gt;&lt;/ProjectedCoordinateSystem&gt;</peXml></coordRef><lineage><Process ToolSource="c:\program files (x86)\arcgis\desktop10.8\ArcToolbox\Toolboxes\Conversion Tools.tbx\FeatureClassToFeatureClass" Date="20220719" Time="101253">FeatureClassToFeatureClass "Y:\BOHA\Data\SLR MODELING PROJECT\GIS\BU Natural Resources 2022\Focal_Resources_SaltMarsh_Vegetation.shp" "Y:\BOHA\Data\SLR MODELING PROJECT\For Amy 2022\Focal_Resources.gdb" Salt_Marsh_Focal_Resources # "FID_ "FID_" true true false 10 Long 0 10 ,First,#,Y:\BOHA\Data\SLR MODELING PROJECT\GIS\BU Natural Resources 2022\Focal_Resources_SaltMarsh_Vegetation.shp,FID_,-1,-1;ID "ID" true true false 254 Text 0 0 ,First,#,Y:\BOHA\Data\SLR MODELING PROJECT\GIS\BU Natural Resources 2022\Focal_Resources_SaltMarsh_Vegetation.shp,ID,-1,-1;Island "Island" true true false 254 Text 0 0 ,First,#,Y:\BOHA\Data\SLR MODELING PROJECT\GIS\BU Natural Resources 2022\Focal_Resources_SaltMarsh_Vegetation.shp,Island,-1,-1;Date "Date" true true false 254 Text 0 0 ,First,#,Y:\BOHA\Data\SLR MODELING PROJECT\GIS\BU Natural Resources 2022\Focal_Resources_SaltMarsh_Vegetation.shp,Date,-1,-1;Longitude "Longitude" true true false 19 Double 0 0 ,First,#,Y:\BOHA\Data\SLR MODELING PROJECT\GIS\BU Natural Resources 2022\Focal_Resources_SaltMarsh_Vegetation.shp,Longitude,-1,-1;Latitude "Latitude" true true false 19 Double 0 0 ,First,#,Y:\BOHA\Data\SLR MODELING PROJECT\GIS\BU Natural Resources 2022\Focal_Resources_SaltMarsh_Vegetation.shp,Latitude,-1,-1;E "E" true true false 19 Double 0 0 ,First,#,Y:\BOHA\Data\SLR MODELING PROJECT\GIS\BU Natural Resources 2022\Focal_Resources_SaltMarsh_Vegetation.shp,E,-1,-1;N "N" true true false 19 Double 0 0 ,First,#,Y:\BOHA\Data\SLR MODELING PROJECT\GIS\BU Natural Resources 2022\Focal_Resources_SaltMarsh_Vegetation.shp,N,-1,-1;NAVD88 "NAVD88" true true false 19 Double 0 0 ,First,#,Y:\BOHA\Data\SLR MODELING PROJECT\GIS\BU Natural Resources 2022\Focal_Resources_SaltMarsh_Vegetation.shp,NAVD88,-1,-1;Category "Category" true true false 254 Text 0 0 ,First,#,Y:\BOHA\Data\SLR MODELING PROJECT\GIS\BU Natural Resources 2022\Focal_Resources_SaltMarsh_Vegetation.shp,Category,-1,-1;Local_Name "Local_Name" true true false 254 Text 0 0 ,First,#,Y:\BOHA\Data\SLR MODELING PROJECT\GIS\BU Natural Resources 2022\Focal_Resources_SaltMarsh_Vegetation.shp,Local_Name,-1,-1;Descriptio "Descriptio" true true false 254 Text 0 0 ,First,#,Y:\BOHA\Data\SLR MODELING PROJECT\GIS\BU Natural Resources 2022\Focal_Resources_SaltMarsh_Vegetation.shp,Descriptio,-1,-1;Stability "Stability" true true false 254 Text 0 0 ,First,#,Y:\BOHA\Data\SLR MODELING PROJECT\GIS\BU Natural Resources 2022\Focal_Resources_SaltMarsh_Vegetation.shp,Stability,-1,-1;Seawall "Seawall" true true false 254 Text 0 0 ,First,#,Y:\BOHA\Data\SLR MODELING PROJECT\GIS\BU Natural Resources 2022\Focal_Resources_SaltMarsh_Vegetation.shp,Seawall,-1,-1;Plot "Plot" true true false 254 Text 0 0 ,First,#,Y:\BOHA\Data\SLR MODELING PROJECT\GIS\BU Natural Resources 2022\Focal_Resources_SaltMarsh_Vegetation.shp,Plot,-1,-1;Data_Origi "Data_Origi" true true false 254 Text 0 0 ,First,#,Y:\BOHA\Data\SLR MODELING PROJECT\GIS\BU Natural Resources 2022\Focal_Resources_SaltMarsh_Vegetation.shp,Data_Origi,-1,-1" #</Process><Process ToolSource="c:\users\amyca\appdata\local\programs\arcgis\pro\Resources\ArcToolbox\toolboxes\Data Management Tools.tbx\UpdateSchema" Date="20220929" Time="191814">UpdateSchema "CIMDATA=&lt;CIMFeatureDatasetDataConnection xsi:type='typens:CIMFeatureDatasetDataConnection' xmlns:xsi='http://www.w3.org/2001/XMLSchema-instance' xmlns:xs='http://www.w3.org/2001/XMLSchema' xmlns:typens='http://www.esri.com/schemas/ArcGIS/2.8.0'&gt;&lt;FeatureDataset&gt;Vegetation_points&lt;/FeatureDataset&gt;&lt;WorkspaceConnectionString&gt;DATABASE=C:\Users\amyca\OneDrive\Documents\Focal_Resources.gdb&lt;/WorkspaceConnectionString&gt;&lt;WorkspaceFactory&gt;FileGDB&lt;/WorkspaceFactory&gt;&lt;Dataset&gt;Salt_Marsh_Focal_Resources&lt;/Dataset&gt;&lt;DatasetType&gt;esriDTFeatureClass&lt;/DatasetType&gt;&lt;/CIMFeatureDatasetDataConnection&gt;" "&lt;operationSequence&gt;&lt;workflow&gt;&lt;AlterField&gt;&lt;field_name&gt;Date&lt;/field_name&gt;&lt;new_field_name&gt;CREATEDATE&lt;/new_field_name&gt;&lt;field_type&gt;TEXT&lt;/field_type&gt;&lt;field_is_nullable&gt;True&lt;/field_is_nullable&gt;&lt;clear_field_alias&gt;False&lt;/clear_field_alias&gt;&lt;/AlterField&gt;&lt;/workflow&gt;&lt;workflow&gt;&lt;AlterField&gt;&lt;field_name&gt;Data_Origi&lt;/field_name&gt;&lt;new_field_name&gt;EDITUSER&lt;/new_field_name&gt;&lt;field_type&gt;TEXT&lt;/field_type&gt;&lt;field_is_nullable&gt;True&lt;/field_is_nullable&gt;&lt;clear_field_alias&gt;False&lt;/clear_field_alias&gt;&lt;/AlterField&gt;&lt;/workflow&gt;&lt;workflow&gt;&lt;AddField&gt;&lt;field_name&gt;DATAACCESS&lt;/field_name&gt;&lt;field_type&gt;TEXT&lt;/field_type&gt;&lt;field_length&gt;255&lt;/field_length&gt;&lt;field_alias&gt;DATA_ACCESS&lt;/field_alias&gt;&lt;field_is_nullable&gt;True&lt;/field_is_nullable&gt;&lt;field_is_required&gt;False&lt;/field_is_required&gt;&lt;field_domain&gt;DOM_DATAACCESS_NPS2022&lt;/field_domain&gt;&lt;/AddField&gt;&lt;/workflow&gt;&lt;workflow&gt;&lt;AddField&gt;&lt;field_name&gt;PUBLICDISPLAY&lt;/field_name&gt;&lt;field_type&gt;TEXT&lt;/field_type&gt;&lt;field_length&gt;255&lt;/field_length&gt;&lt;field_alias&gt;PUBLIC_DISPLAY&lt;/field_alias&gt;&lt;field_is_nullable&gt;True&lt;/field_is_nullable&gt;&lt;field_is_required&gt;False&lt;/field_is_required&gt;&lt;field_domain&gt;DOM_PUBLICDISPLAY_NPS2016&lt;/field_domain&gt;&lt;/AddField&gt;&lt;/workflow&gt;&lt;workflow&gt;&lt;AddField&gt;&lt;field_name&gt;UNITCODE&lt;/field_name&gt;&lt;field_type&gt;TEXT&lt;/field_type&gt;&lt;field_length&gt;255&lt;/field_length&gt;&lt;field_alias&gt;UNIT_CODE&lt;/field_alias&gt;&lt;field_is_nullable&gt;True&lt;/field_is_nullable&gt;&lt;field_is_required&gt;False&lt;/field_is_required&gt;&lt;/AddField&gt;&lt;/workflow&gt;&lt;workflow&gt;&lt;AddField&gt;&lt;field_name&gt;UNITNAME&lt;/field_name&gt;&lt;field_type&gt;TEXT&lt;/field_type&gt;&lt;field_length&gt;255&lt;/field_length&gt;&lt;field_alias&gt;UNIT_NAME&lt;/field_alias&gt;&lt;field_is_nullable&gt;True&lt;/field_is_nullable&gt;&lt;field_is_required&gt;False&lt;/field_is_required&gt;&lt;/AddField&gt;&lt;/workflow&gt;&lt;workflow&gt;&lt;AddField&gt;&lt;field_name&gt;GROUPCODE&lt;/field_name&gt;&lt;field_type&gt;TEXT&lt;/field_type&gt;&lt;field_length&gt;255&lt;/field_length&gt;&lt;field_alias&gt;GROUP_CODE&lt;/field_alias&gt;&lt;field_is_nullable&gt;True&lt;/field_is_nullable&gt;&lt;field_is_required&gt;False&lt;/field_is_required&gt;&lt;/AddField&gt;&lt;/workflow&gt;&lt;workflow&gt;&lt;AddField&gt;&lt;field_name&gt;REGIONCODE&lt;/field_name&gt;&lt;field_type&gt;TEXT&lt;/field_type&gt;&lt;field_length&gt;255&lt;/field_length&gt;&lt;field_alias&gt;REGION_CODE&lt;/field_alias&gt;&lt;field_is_nullable&gt;True&lt;/field_is_nullable&gt;&lt;field_is_required&gt;False&lt;/field_is_required&gt;&lt;/AddField&gt;&lt;/workflow&gt;&lt;workflow&gt;&lt;AddField&gt;&lt;field_name&gt;GROUPNAME&lt;/field_name&gt;&lt;field_type&gt;TEXT&lt;/field_type&gt;&lt;field_length&gt;255&lt;/field_length&gt;&lt;field_alias&gt;GROUP_NAME&lt;/field_alias&gt;&lt;field_is_nullable&gt;True&lt;/field_is_nullable&gt;&lt;field_is_required&gt;False&lt;/field_is_required&gt;&lt;/AddField&gt;&lt;/workflow&gt;&lt;workflow&gt;&lt;AddField&gt;&lt;field_name&gt;CREATEUSER&lt;/field_name&gt;&lt;field_type&gt;TEXT&lt;/field_type&gt;&lt;field_length&gt;255&lt;/field_length&gt;&lt;field_alias&gt;CREATE_USER&lt;/field_alias&gt;&lt;field_is_nullable&gt;True&lt;/field_is_nullable&gt;&lt;field_is_required&gt;False&lt;/field_is_required&gt;&lt;field_default_value&gt;Zoe Hughes&lt;/field_default_value&gt;&lt;/AddField&gt;&lt;/workflow&gt;&lt;workflow&gt;&lt;AddField&gt;&lt;field_name&gt;MAPMETHOD&lt;/field_name&gt;&lt;field_type&gt;TEXT&lt;/field_type&gt;&lt;field_length&gt;255&lt;/field_length&gt;&lt;field_alias&gt;MAP_METHOD&lt;/field_alias&gt;&lt;field_is_nullable&gt;True&lt;/field_is_nullable&gt;&lt;field_is_required&gt;False&lt;/field_is_required&gt;&lt;/AddField&gt;&lt;/workflow&gt;&lt;workflow&gt;&lt;AddField&gt;&lt;field_name&gt;MAPSOURCE&lt;/field_name&gt;&lt;field_type&gt;TEXT&lt;/field_type&gt;&lt;field_length&gt;255&lt;/field_length&gt;&lt;field_alias&gt;MAP_SOURCE&lt;/field_alias&gt;&lt;field_is_nullable&gt;True&lt;/field_is_nullable&gt;&lt;field_is_required&gt;False&lt;/field_is_required&gt;&lt;/AddField&gt;&lt;/workflow&gt;&lt;workflow&gt;&lt;AddField&gt;&lt;field_name&gt;EDITDATE&lt;/field_name&gt;&lt;field_type&gt;DATE&lt;/field_type&gt;&lt;field_alias&gt;EDIT_DATE&lt;/field_alias&gt;&lt;field_is_nullable&gt;True&lt;/field_is_nullable&gt;&lt;field_is_required&gt;False&lt;/field_is_required&gt;&lt;/AddField&gt;&lt;/workflow&gt;&lt;/operationSequence&gt;"</Process><Process ToolSource="c:\users\amyca\appdata\local\programs\arcgis\pro\Resources\ArcToolbox\toolboxes\Conversion Tools.tbx\ExportFeatures" Date="20230322" Time="152510">ExportFeatures "C:\Users\amyca\OneDrive\Documents\BU_NPS_9IslandStudy\ArcGIS Pro\BOHA Geodatabases\Focal_Resources.gdb\Vegetation\Salt_Marsh_Focal_Resources" "C:\Users\amyca\OneDrive\Documents\GTECH732_AdvGIS\Final Project\Focal Resource Shapefiles\Salt_Marsh_Focal_Resources_finalproject.shp" # NOT_USE_ALIAS "FID_ "FID_" true true false 4 Long 0 0,First,#,C:\Users\amyca\OneDrive\Documents\BU_NPS_9IslandStudy\ArcGIS Pro\BOHA Geodatabases\Focal_Resources.gdb\Vegetation\Salt_Marsh_Focal_Resources,FID_,-1,-1;ID "ID" true true false 254 Text 0 0,First,#,C:\Users\amyca\OneDrive\Documents\BU_NPS_9IslandStudy\ArcGIS Pro\BOHA Geodatabases\Focal_Resources.gdb\Vegetation\Salt_Marsh_Focal_Resources,ID,0,254;Island "Island" true true false 254 Text 0 0,First,#,C:\Users\amyca\OneDrive\Documents\BU_NPS_9IslandStudy\ArcGIS Pro\BOHA Geodatabases\Focal_Resources.gdb\Vegetation\Salt_Marsh_Focal_Resources,Island,0,254;CREATEDATE "Date" true true false 254 Text 0 0,First,#,C:\Users\amyca\OneDrive\Documents\BU_NPS_9IslandStudy\ArcGIS Pro\BOHA Geodatabases\Focal_Resources.gdb\Vegetation\Salt_Marsh_Focal_Resources,CREATEDATE,0,254;Longitude "Longitude" true true false 8 Double 0 0,First,#,C:\Users\amyca\OneDrive\Documents\BU_NPS_9IslandStudy\ArcGIS Pro\BOHA Geodatabases\Focal_Resources.gdb\Vegetation\Salt_Marsh_Focal_Resources,Longitude,-1,-1;Latitude "Latitude" true true false 8 Double 0 0,First,#,C:\Users\amyca\OneDrive\Documents\BU_NPS_9IslandStudy\ArcGIS Pro\BOHA Geodatabases\Focal_Resources.gdb\Vegetation\Salt_Marsh_Focal_Resources,Latitude,-1,-1;E "E" true true false 8 Double 0 0,First,#,C:\Users\amyca\OneDrive\Documents\BU_NPS_9IslandStudy\ArcGIS Pro\BOHA Geodatabases\Focal_Resources.gdb\Vegetation\Salt_Marsh_Focal_Resources,E,-1,-1;N "N" true true false 8 Double 0 0,First,#,C:\Users\amyca\OneDrive\Documents\BU_NPS_9IslandStudy\ArcGIS Pro\BOHA Geodatabases\Focal_Resources.gdb\Vegetation\Salt_Marsh_Focal_Resources,N,-1,-1;NAVD88 "NAVD88" true true false 8 Double 0 0,First,#,C:\Users\amyca\OneDrive\Documents\BU_NPS_9IslandStudy\ArcGIS Pro\BOHA Geodatabases\Focal_Resources.gdb\Vegetation\Salt_Marsh_Focal_Resources,NAVD88,-1,-1;Category "Category" true true false 254 Text 0 0,First,#,C:\Users\amyca\OneDrive\Documents\BU_NPS_9IslandStudy\ArcGIS Pro\BOHA Geodatabases\Focal_Resources.gdb\Vegetation\Salt_Marsh_Focal_Resources,Category,0,254;Local_Name "Local_Name" true true false 254 Text 0 0,First,#,C:\Users\amyca\OneDrive\Documents\BU_NPS_9IslandStudy\ArcGIS Pro\BOHA Geodatabases\Focal_Resources.gdb\Vegetation\Salt_Marsh_Focal_Resources,Local_Name,0,254;Descriptio "Descriptio" true true false 254 Text 0 0,First,#,C:\Users\amyca\OneDrive\Documents\BU_NPS_9IslandStudy\ArcGIS Pro\BOHA Geodatabases\Focal_Resources.gdb\Vegetation\Salt_Marsh_Focal_Resources,Descriptio,0,254;Stability "Stability" true true false 254 Text 0 0,First,#,C:\Users\amyca\OneDrive\Documents\BU_NPS_9IslandStudy\ArcGIS Pro\BOHA Geodatabases\Focal_Resources.gdb\Vegetation\Salt_Marsh_Focal_Resources,Stability,0,254;Seawall "Seawall" true true false 254 Text 0 0,First,#,C:\Users\amyca\OneDrive\Documents\BU_NPS_9IslandStudy\ArcGIS Pro\BOHA Geodatabases\Focal_Resources.gdb\Vegetation\Salt_Marsh_Focal_Resources,Seawall,0,254;Plot "Plot" true true false 254 Text 0 0,First,#,C:\Users\amyca\OneDrive\Documents\BU_NPS_9IslandStudy\ArcGIS Pro\BOHA Geodatabases\Focal_Resources.gdb\Vegetation\Salt_Marsh_Focal_Resources,Plot,0,254;EDITUSER "Data_Origi" true true false 254 Text 0 0,First,#,C:\Users\amyca\OneDrive\Documents\BU_NPS_9IslandStudy\ArcGIS Pro\BOHA Geodatabases\Focal_Resources.gdb\Vegetation\Salt_Marsh_Focal_Resources,EDITUSER,0,254;DATAACCESS "DATA_ACCESS" true true false 255 Text 0 0,First,#,C:\Users\amyca\OneDrive\Documents\BU_NPS_9IslandStudy\ArcGIS Pro\BOHA Geodatabases\Focal_Resources.gdb\Vegetation\Salt_Marsh_Focal_Resources,DATAACCESS,0,255;PUBLICDISPLAY "PUBLIC_DISPLAY" true true false 255 Text 0 0,First,#,C:\Users\amyca\OneDrive\Documents\BU_NPS_9IslandStudy\ArcGIS Pro\BOHA Geodatabases\Focal_Resources.gdb\Vegetation\Salt_Marsh_Focal_Resources,PUBLICDISPLAY,0,255;UNITCODE "UNIT_CODE" true true false 255 Text 0 0,First,#,C:\Users\amyca\OneDrive\Documents\BU_NPS_9IslandStudy\ArcGIS Pro\BOHA Geodatabases\Focal_Resources.gdb\Vegetation\Salt_Marsh_Focal_Resources,UNITCODE,0,255;UNITNAME "UNIT_NAME" true true false 255 Text 0 0,First,#,C:\Users\amyca\OneDrive\Documents\BU_NPS_9IslandStudy\ArcGIS Pro\BOHA Geodatabases\Focal_Resources.gdb\Vegetation\Salt_Marsh_Focal_Resources,UNITNAME,0,255;GROUPCODE "GROUP_CODE" true true false 255 Text 0 0,First,#,C:\Users\amyca\OneDrive\Documents\BU_NPS_9IslandStudy\ArcGIS Pro\BOHA Geodatabases\Focal_Resources.gdb\Vegetation\Salt_Marsh_Focal_Resources,GROUPCODE,0,255;REGIONCODE "REGION_CODE" true true false 255 Text 0 0,First,#,C:\Users\amyca\OneDrive\Documents\BU_NPS_9IslandStudy\ArcGIS Pro\BOHA Geodatabases\Focal_Resources.gdb\Vegetation\Salt_Marsh_Focal_Resources,REGIONCODE,0,255;GROUPNAME "GROUP_NAME" true true false 255 Text 0 0,First,#,C:\Users\amyca\OneDrive\Documents\BU_NPS_9IslandStudy\ArcGIS Pro\BOHA Geodatabases\Focal_Resources.gdb\Vegetation\Salt_Marsh_Focal_Resources,GROUPNAME,0,255;CREATEUSER "CREATE_USER" true true false 255 Text 0 0,First,#,C:\Users\amyca\OneDrive\Documents\BU_NPS_9IslandStudy\ArcGIS Pro\BOHA Geodatabases\Focal_Resources.gdb\Vegetation\Salt_Marsh_Focal_Resources,CREATEUSER,0,255;MAPMETHOD "MAP_METHOD" true true false 255 Text 0 0,First,#,C:\Users\amyca\OneDrive\Documents\BU_NPS_9IslandStudy\ArcGIS Pro\BOHA Geodatabases\Focal_Resources.gdb\Vegetation\Salt_Marsh_Focal_Resources,MAPMETHOD,0,255;MAPSOURCE "MAP_SOURCE" true true false 255 Text 0 0,First,#,C:\Users\amyca\OneDrive\Documents\BU_NPS_9IslandStudy\ArcGIS Pro\BOHA Geodatabases\Focal_Resources.gdb\Vegetation\Salt_Marsh_Focal_Resources,MAPSOURCE,0,255;EDITDATE "EDIT_DATE" true true false 8 Date 0 0,First,#,C:\Users\amyca\OneDrive\Documents\BU_NPS_9IslandStudy\ArcGIS Pro\BOHA Geodatabases\Focal_Resources.gdb\Vegetation\Salt_Marsh_Focal_Resources,EDITDATE,-1,-1" #</Process><Process ToolSource="c:\users\amyca\appdata\local\programs\arcgis\pro\Resources\ArcToolbox\toolboxes\Conversion Tools.tbx\FeatureClassToFeatureClass" Date="20230323" Time="131626">FeatureClassToFeatureClass resource_layer "C:\Users\amyca\OneDrive\Documents\GTECH732_AdvGIS\Final Project\FINALProject_GIS_DATA\FocalResources_SLR_WITHIN" outname # "FID_ "FID_" true true false 10 Long 0 10,First,#,resource_layer,FID_,-1,-1;ID "ID" true true false 254 Text 0 0,First,#,resource_layer,ID,0,254;Island "Island" true true false 254 Text 0 0,First,#,resource_layer,Island,0,254;CREATEDATE "CREATEDATE" true true false 254 Text 0 0,First,#,resource_layer,CREATEDATE,0,254;Longitude "Longitude" true true false 19 Double 0 0,First,#,resource_layer,Longitude,-1,-1;Latitude "Latitude" true true false 19 Double 0 0,First,#,resource_layer,Latitude,-1,-1;E "E" true true false 19 Double 0 0,First,#,resource_layer,E,-1,-1;N "N" true true false 19 Double 0 0,First,#,resource_layer,N,-1,-1;NAVD88 "NAVD88" true true false 19 Double 0 0,First,#,resource_layer,NAVD88,-1,-1;Category "Category" true true false 254 Text 0 0,First,#,resource_layer,Category,0,254;Local_Name "Local_Name" true true false 254 Text 0 0,First,#,resource_layer,Local_Name,0,254;Descriptio "Descriptio" true true false 254 Text 0 0,First,#,resource_layer,Descriptio,0,254;Stability "Stability" true true false 254 Text 0 0,First,#,resource_layer,Stability,0,254;Seawall "Seawall" true true false 254 Text 0 0,First,#,resource_layer,Seawall,0,254;Plot "Plot" true true false 254 Text 0 0,First,#,resource_layer,Plot,0,254;EDITUSER "EDITUSER" true true false 254 Text 0 0,First,#,resource_layer,EDITUSER,0,254;DATAACCESS "DATAACCESS" true true false 254 Text 0 0,First,#,resource_layer,DATAACCESS,0,254;PUBLICDISP "PUBLICDISP" true true false 254 Text 0 0,First,#,resource_layer,PUBLICDISP,0,254;UNITCODE "UNITCODE" true true false 254 Text 0 0,First,#,resource_layer,UNITCODE,0,254;UNITNAME "UNITNAME" true true false 254 Text 0 0,First,#,resource_layer,UNITNAME,0,254;GROUPCODE "GROUPCODE" true true false 254 Text 0 0,First,#,resource_layer,GROUPCODE,0,254;REGIONCODE "REGIONCODE" true true false 254 Text 0 0,First,#,resource_layer,REGIONCODE,0,254;GROUPNAME "GROUPNAME" true true false 254 Text 0 0,First,#,resource_layer,GROUPNAME,0,254;CREATEUSER "CREATEUSER" true true false 254 Text 0 0,First,#,resource_layer,CREATEUSER,0,254;MAPMETHOD "MAPMETHOD" true true false 254 Text 0 0,First,#,resource_layer,MAPMETHOD,0,254;MAPSOURCE "MAPSOURCE" true true false 254 Text 0 0,First,#,resource_layer,MAPSOURCE,0,254;EDITDATE "EDITDATE" true true false 8 Date 0 0,First,#,resource_layer,EDITDATE,-1,-1" #</Process></lineage></DataProperties><SyncDate>20230323</SyncDate><SyncTime>13162600</SyncTime><ModDate>20230323</ModDate><ModTime>13162600</ModTime></Esri><dataIdInfo><envirDesc Sync="TRUE">Microsoft Windows 10 Version 10.0 (Build 22621) ; Esri ArcGIS 13.0.2.36056</envirDesc><dataLang><languageCode value="eng" Sync="TRUE"></languageCode><countryCode value="USA" Sync="TRUE"></countryCode></dataLang><idCitation><resTitle Sync="TRUE">outname</resTitle><presForm><PresFormCd value="005" Sync="TRUE"></PresFormCd></presForm></idCitation><spatRpType><SpatRepTypCd value="001" Sync="TRUE"></SpatRepTypCd></spatRpType></dataIdInfo><mdLang><languageCode value="eng" Sync="TRUE"></languageCode><countryCode value="USA" Sync="TRUE"></countryCode></mdLang><distInfo><distFormat><formatName Sync="TRUE">Shapefile</formatName></distFormat><distTranOps><transSize Sync="TRUE">0.000</transSize></distTranOps></distInfo><mdHrLv><ScopeCd value="005" Sync="TRUE"></ScopeCd></mdHrLv><mdHrLvName Sync="TRUE">dataset</mdHrLvName><refSysInfo><RefSystem><refSysID><identCode code="26919" Sync="TRUE"></identCode><idCodeSpace Sync="TRUE">EPSG</idCodeSpace><idVersion Sync="TRUE">6.11(3.0.1)</idVersion></refSysID></RefSystem></refSysInfo><spatRepInfo><VectSpatRep><geometObjs Name="outname"><geoObjTyp><GeoObjTypCd value="004" Sync="TRUE"></GeoObjTypCd></geoObjTyp><geoObjCnt Sync="TRUE">0</geoObjCnt></geometObjs><topLvl><TopoLevCd value="001" Sync="TRUE"></TopoLevCd></topLvl></VectSpatRep></spatRepInfo><spdoinfo><ptvctinf><esriterm Name="outname"><efeatyp Sync="TRUE">Simple</efeatyp><efeageom code="1" Sync="TRUE"></efeageom><esritopo Sync="TRUE">FALSE</esritopo><efeacnt Sync="TRUE">0</efeacnt><spindex Sync="TRUE">FALSE</spindex><linrefer Sync="TRUE">TRUE</linrefer></esriterm></ptvctinf></spdoinfo><eainfo><detailed Name="outname"><enttyp><enttypl Sync="TRUE">outname</enttypl><enttypt Sync="TRUE">Feature Class</enttypt><enttypc Sync="TRUE">0</enttypc></enttyp><attr><attrlabl Sync="TRUE">FID</attrlabl><attalias Sync="TRUE">FID</attalias><attrtype Sync="TRUE">OID</attrtype><attwidth Sync="TRUE">4</attwidth><atprecis Sync="TRUE">0</atprecis><attscale Sync="TRUE">0</attscale><attrdef Sync="TRUE">Internal feature number.</attrdef><attrdefs Sync="TRUE">Esri</attrdefs><attrdomv><udom Sync="TRUE">Sequential unique whole numbers that are automatically generated.</udom></attrdomv></attr><attr><attrlabl Sync="TRUE">Shape</attrlabl><attalias Sync="TRUE">Shape</attalias><attrtype Sync="TRUE">Geometry</attrtype><attwidth Sync="TRUE">0</attwidth><atprecis Sync="TRUE">0</atprecis><attscale Sync="TRUE">0</attscale><attrdef Sync="TRUE">Feature geometry.</attrdef><attrdefs Sync="TRUE">Esri</attrdefs><attrdomv><udom Sync="TRUE">Coordinates defining the features.</udom></attrdomv></attr><attr><attrlabl Sync="TRUE">FID_</attrlabl><attalias Sync="TRUE">FID_</attalias><attrtype Sync="TRUE">Integer</attrtype><attwidth Sync="TRUE">10</attwidth><atprecis Sync="TRUE">10</atprecis><attscale Sync="TRUE">0</attscale></attr><attr><attrlabl Sync="TRUE">ID</attrlabl><attalias Sync="TRUE">ID</attalias><attrtype Sync="TRUE">String</attrtype><attwidth Sync="TRUE">254</attwidth><atprecis Sync="TRUE">0</atprecis><attscale Sync="TRUE">0</attscale></attr><attr><attrlabl Sync="TRUE">Island</attrlabl><attalias Sync="TRUE">Island</attalias><attrtype Sync="TRUE">String</attrtype><attwidth Sync="TRUE">254</attwidth><atprecis Sync="TRUE">0</atprecis><attscale Sync="TRUE">0</attscale></attr><attr><attrlabl Sync="TRUE">CREATEDATE</attrlabl><attalias Sync="TRUE">CREATEDATE</attalias><attrtype Sync="TRUE">String</attrtype><attwidth Sync="TRUE">254</attwidth><atprecis Sync="TRUE">0</atprecis><attscale Sync="TRUE">0</attscale></attr><attr><attrlabl Sync="TRUE">Longitude</attrlabl><attalias Sync="TRUE">Longitude</attalias><attrtype Sync="TRUE">Double</attrtype><attwidth Sync="TRUE">19</attwidth><atprecis Sync="TRUE">0</atprecis><attscale Sync="TRUE">0</attscale></attr><attr><attrlabl Sync="TRUE">Latitude</attrlabl><attalias Sync="TRUE">Latitude</attalias><attrtype Sync="TRUE">Double</attrtype><attwidth Sync="TRUE">19</attwidth><atprecis Sync="TRUE">0</atprecis><attscale Sync="TRUE">0</attscale></attr><attr><attrlabl Sync="TRUE">E</attrlabl><attalias Sync="TRUE">E</attalias><attrtype Sync="TRUE">Double</attrtype><attwidth Sync="TRUE">19</attwidth><atprecis Sync="TRUE">0</atprecis><attscale Sync="TRUE">0</attscale></attr><attr><attrlabl Sync="TRUE">N</attrlabl><attalias Sync="TRUE">N</attalias><attrtype Sync="TRUE">Double</attrtype><attwidth Sync="TRUE">19</attwidth><atprecis Sync="TRUE">0</atprecis><attscale Sync="TRUE">0</attscale></attr><attr><attrlabl Sync="TRUE">NAVD88</attrlabl><attalias Sync="TRUE">NAVD88</attalias><attrtype Sync="TRUE">Double</attrtype><attwidth Sync="TRUE">19</attwidth><atprecis Sync="TRUE">0</atprecis><attscale Sync="TRUE">0</attscale></attr><attr><attrlabl Sync="TRUE">Category</attrlabl><attalias Sync="TRUE">Category</attalias><attrtype Sync="TRUE">String</attrtype><attwidth Sync="TRUE">254</attwidth><atprecis Sync="TRUE">0</atprecis><attscale Sync="TRUE">0</attscale></attr><attr><attrlabl Sync="TRUE">Local_Name</attrlabl><attalias Sync="TRUE">Local_Name</attalias><attrtype Sync="TRUE">String</attrtype><attwidth Sync="TRUE">254</attwidth><atprecis Sync="TRUE">0</atprecis><attscale Sync="TRUE">0</attscale></attr><attr><attrlabl Sync="TRUE">Descriptio</attrlabl><attalias Sync="TRUE">Descriptio</attalias><attrtype Sync="TRUE">String</attrtype><attwidth Sync="TRUE">254</attwidth><atprecis Sync="TRUE">0</atprecis><attscale Sync="TRUE">0</attscale></attr><attr><attrlabl Sync="TRUE">Stability</attrlabl><attalias Sync="TRUE">Stability</attalias><attrtype Sync="TRUE">String</attrtype><attwidth Sync="TRUE">254</attwidth><atprecis Sync="TRUE">0</atprecis><attscale Sync="TRUE">0</attscale></attr><attr><attrlabl Sync="TRUE">Seawall</attrlabl><attalias Sync="TRUE">Seawall</attalias><attrtype Sync="TRUE">String</attrtype><attwidth Sync="TRUE">254</attwidth><atprecis Sync="TRUE">0</atprecis><attscale Sync="TRUE">0</attscale></attr><attr><attrlabl Sync="TRUE">Plot</attrlabl><attalias Sync="TRUE">Plot</attalias><attrtype Sync="TRUE">String</attrtype><attwidth Sync="TRUE">254</attwidth><atprecis Sync="TRUE">0</atprecis><attscale Sync="TRUE">0</attscale></attr><attr><attrlabl Sync="TRUE">EDITUSER</attrlabl><attalias Sync="TRUE">EDITUSER</attalias><attrtype Sync="TRUE">String</attrtype><attwidth Sync="TRUE">254</attwidth><atprecis Sync="TRUE">0</atprecis><attscale Sync="TRUE">0</attscale></attr><attr><attrlabl Sync="TRUE">DATAACCESS</attrlabl><attalias Sync="TRUE">DATAACCESS</attalias><attrtype Sync="TRUE">String</attrtype><attwidth Sync="TRUE">254</attwidth><atprecis Sync="TRUE">0</atprecis><attscale Sync="TRUE">0</attscale></attr><attr><attrlabl Sync="TRUE">PUBLICDISP</attrlabl><attalias Sync="TRUE">PUBLICDISP</attalias><attrtype Sync="TRUE">String</attrtype><attwidth Sync="TRUE">254</attwidth><atprecis Sync="TRUE">0</atprecis><attscale Sync="TRUE">0</attscale></attr><attr><attrlabl Sync="TRUE">UNITCODE</attrlabl><attalias Sync="TRUE">UNITCODE</attalias><attrtype Sync="TRUE">String</attrtype><attwidth Sync="TRUE">254</attwidth><atprecis Sync="TRUE">0</atprecis><attscale Sync="TRUE">0</attscale></attr><attr><attrlabl Sync="TRUE">UNITNAME</attrlabl><attalias Sync="TRUE">UNITNAME</attalias><attrtype Sync="TRUE">String</attrtype><attwidth Sync="TRUE">254</attwidth><atprecis Sync="TRUE">0</atprecis><attscale Sync="TRUE">0</attscale></attr><attr><attrlabl Sync="TRUE">GROUPCODE</attrlabl><attalias Sync="TRUE">GROUPCODE</attalias><attrtype Sync="TRUE">String</attrtype><attwidth Sync="TRUE">254</attwidth><atprecis Sync="TRUE">0</atprecis><attscale Sync="TRUE">0</attscale></attr><attr><attrlabl Sync="TRUE">REGIONCODE</attrlabl><attalias Sync="TRUE">REGIONCODE</attalias><attrtype Sync="TRUE">String</attrtype><attwidth Sync="TRUE">254</attwidth><atprecis Sync="TRUE">0</atprecis><attscale Sync="TRUE">0</attscale></attr><attr><attrlabl Sync="TRUE">GROUPNAME</attrlabl><attalias Sync="TRUE">GROUPNAME</attalias><attrtype Sync="TRUE">String</attrtype><attwidth Sync="TRUE">254</attwidth><atprecis Sync="TRUE">0</atprecis><attscale Sync="TRUE">0</attscale></attr><attr><attrlabl Sync="TRUE">CREATEUSER</attrlabl><attalias Sync="TRUE">CREATEUSER</attalias><attrtype Sync="TRUE">String</attrtype><attwidth Sync="TRUE">254</attwidth><atprecis Sync="TRUE">0</atprecis><attscale Sync="TRUE">0</attscale></attr><attr><attrlabl Sync="TRUE">MAPMETHOD</attrlabl><attalias Sync="TRUE">MAPMETHOD</attalias><attrtype Sync="TRUE">String</attrtype><attwidth Sync="TRUE">254</attwidth><atprecis Sync="TRUE">0</atprecis><attscale Sync="TRUE">0</attscale></attr><attr><attrlabl Sync="TRUE">MAPSOURCE</attrlabl><attalias Sync="TRUE">MAPSOURCE</attalias><attrtype Sync="TRUE">String</attrtype><attwidth Sync="TRUE">254</attwidth><atprecis Sync="TRUE">0</atprecis><attscale Sync="TRUE">0</attscale></attr><attr><attrlabl Sync="TRUE">EDITDATE</attrlabl><attalias Sync="TRUE">EDITDATE</attalias><attrtype Sync="TRUE">Date</attrtype><attwidth Sync="TRUE">8</attwidth><atprecis Sync="TRUE">0</atprecis><attscale Sync="TRUE">0</attscale></attr></detailed></eainfo><mdDateSt Sync="TRUE">20230323</mdDateSt></metadata>
